epochs,train_losses,val_losses,test_losses
1,0.12886631602159637,0.09429918140500769,0.09429966339043208
2,0.08650440734818698,0.09513933031862667,0.09448751381465367
3,0.07073950666272266,0.06582815218025012,0.06507060114218265
4,0.05695453969789853,0.06265700644479877,0.06223694615218104
5,0.05110790006790427,0.04301271099575243,0.043096808754667947
6,0.0484664276432631,0.0643912016936852,0.0649851496730532
7,0.047361170472826,0.04294396313339372,0.043244258785734374
8,0.042612431027886484,0.036337077589139934,0.035987752584778536
9,0.04093911030635878,0.035112418532466536,0.03530516733928603
10,0.038150085649008535,0.034682229168388846,0.034958980369324585
11,0.03615718222419006,0.032166011402258436,0.0322989886816667
12,0.03346889087460875,0.029223393276511966,0.02987671096105965
13,0.03267506729815757,0.031206762203470136,0.031080728738891835
14,0.028061632471511725,0.028359681781201428,0.028379617905130192
15,0.029205640187350716,0.03343084229819421,0.033388434928290696
16,0.027260298608141355,0.03515689049575881,0.0357104491214363
17,0.031480959180686253,0.025677283566932673,0.025848955980369022
18,0.024659941531068773,0.02474011816933606,0.024573887945437918
19,0.025231928085425865,0.023712886723342475,0.024177912394611204
20,0.027590002460052606,0.02565476040358979,0.026271737503762146
21,0.024745888227075512,0.02621297024471916,0.026440971968125324
22,0.023013110585190556,0.026580889297599677,0.027246211712457696
23,0.024354724155070475,0.024187474468954247,0.024684775240567267
24,0.02251793051075783,0.023137019008573838,0.023219274851132413
25,0.02128755789721746,0.020985579007971367,0.02152965316662983
26,0.021281035314124775,0.023429185261324263,0.023561580448734517
27,0.022845773950098007,0.021568337563177664,0.02196631702233334
28,0.02088260237002068,0.020746678802816183,0.02108451275497067
29,0.021162931689436566,0.0185164116832527,0.01838703917301431
30,0.021109172501076665,0.020448981299841972,0.02024833341034091
31,0.021761781991428062,0.030124293357281142,0.030613570188989445
32,0.02118961464150719,0.018545736294318743,0.019039264747074673
33,0.019881805764136968,0.02502098931814711,0.025618273688822378
34,0.020504464964305552,0.0173116229699024,0.01807221162075899
35,0.01920028843318786,0.02198204484146291,0.022337353351164838
36,0.02013261672477135,0.01845325048547906,0.019037276354371285
37,0.019421626680663655,0.018577874191408234,0.01861804640110658
38,0.020153230274665094,0.018527423938305473,0.01823393453140648
39,0.020506473827098998,0.018920649795009247,0.018860554208560865
40,0.020255402758129107,0.017551503758405397,0.017561234229681442
41,0.01810262732761593,0.01536393709090002,0.015205996301101178
42,0.01811499693988023,0.019382257277593455,0.019643276017539357
43,0.01923229081316069,0.02163720271546704,0.022639318768467222
44,0.01755947610157846,0.014660957420953587,0.014658879336653923
45,0.01812220215537822,0.017789108225285635,0.017807595659883654
46,0.019657186405575303,0.02939452377020144,0.03020301765325118
47,0.017897877062299873,0.015133631204696015,0.014928683030362032
48,0.01694969658639269,0.015376707630713894,0.015551081573476597
49,0.01737423062986509,0.016157423615664666,0.016487066386913767
50,0.018126345900483388,0.015580563763387843,0.015453830817524267
51,0.01859510381696324,0.01454690288322956,0.014586122440440314
52,0.01749688159440764,0.015512677142062522,0.01558935300123935
53,0.01621412369774159,0.01581476522598011,0.01601897043233015
54,0.01648897395667195,0.014281545247108804,0.014766898234279789
55,0.01654784258835788,0.014629881062348759,0.014681256243160792
56,0.016500147617704363,0.015343578736329409,0.0164658393786878
57,0.016014284128701785,0.014296886891663483,0.014083128802630365
58,0.01565448752237737,0.015280283753540876,0.015395176653959314
59,0.01561452030949511,0.01352048471330095,0.013442612500215063
60,0.015090775471634982,0.013303153085001686,0.01312168223821387
61,0.015951538635861306,0.016401402178362532,0.016176107890751898
62,0.015097816118864509,0.013080309362060314,0.013035079122197871
63,0.01691117120039207,0.015442937446252478,0.015862470682786435
64,0.015978520903757988,0.013930085323728405,0.014219089050074013
65,0.015136104999769924,0.01344744189587883,0.013837227483793181
66,0.014580156412905863,0.015723775072795588,0.015851979505042642
67,0.015232289063935704,0.01348846228180102,0.014355597599428527
68,0.0170115412750501,0.02286229208860028,0.02382540991719888
69,0.01784464548278111,0.01484701452159471,0.01457246142078419
70,0.01619894524038911,0.014618234544702643,0.015470352708076944
71,0.015604779874942722,0.014022398048205067,0.014810897409915924
72,0.015836720115804784,0.013671503898612093,0.014734318669961423
73,0.014632894666205647,0.013196718782096242,0.013241191147541513
74,0.014399590370927815,0.014919927734783652,0.0152953495176471
75,0.014200222014333798,0.01854499082293177,0.018655683921307932
76,0.014925445712298051,0.01574778408596015,0.01679734672818865
77,0.015471835991715997,0.013255361733055753,0.013518397753335992
78,0.015059462507254293,0.015064592435944124,0.016600579935677196
79,0.013963749304491676,0.017489582200417502,0.01859430771092979
80,0.016944765998104655,0.014414288791271558,0.01504296817037524
81,0.014928193760735094,0.012988360669649751,0.013309458688813813
82,0.014257805644773578,0.011968398500853286,0.012190323399037731
83,0.0146949190319744,0.012556584280832863,0.012612950132817638
84,0.013689850559771823,0.012555142633276048,0.013150558331791235
85,0.01329179465312091,0.013134666897740144,0.013693274511974685
86,0.013498131187933386,0.012801146556672423,0.013152684180104002
87,0.013651864007158631,0.015427574061632879,0.015716054685869996
88,0.0132861374028278,0.012999924065753943,0.013075102804874887
89,0.014028514260545149,0.012864323565402366,0.013156662866169093
90,0.015246477888834323,0.013165694531234432,0.01399082857735303
91,0.013921629484963541,0.01856756506782579,0.018560498420681273
92,0.014122325758277748,0.014174570369127549,0.01458395029209098
93,0.013419798530993007,0.01291751314269932,0.012907253540292079
94,0.013202046477922717,0.01223778846293151,0.012457238016079883
95,0.014330224637007049,0.015016834758294554,0.015725751160358896
96,0.014132394935637194,0.011480931819159886,0.012061752378940582
97,0.013296024949570013,0.012299517856988917,0.01262230821410004
98,0.013336884564180338,0.012345890859734322,0.012449780060928695
99,0.012740550440510045,0.013183896628631732,0.013102517292207601
100,0.012636830064313407,0.011304840371879725,0.011372336471567348
101,0.013143913591070734,0.01250345711120479,0.012457390524903121
102,0.013451727156924316,0.01169181831635947,0.012456135330151538
103,0.012883029419509098,0.012842195866002661,0.013959757831631874
104,0.012689608041062934,0.01141057925875746,0.011649770700201696
105,0.012564785906160196,0.012676519620139196,0.013961907248107754
106,0.012102262873059782,0.010878418272198738,0.011061662998126477
107,0.012991216603740098,0.014701580176527528,0.014781229806189634
108,0.012965855766282472,0.02241617120967496,0.0278525174576409
109,0.021518619934423597,0.016762806433117144,0.017279961735618358
110,0.01559704029986702,0.013696013123305357,0.013548856791184873
111,0.014262478173419435,0.013684584462393724,0.01363569939014863
112,0.014534254061895381,0.012194757767124987,0.012262092409085254
113,0.01571591798341579,0.015836004433251064,0.015571218516145433
114,0.015520400278979824,0.015055743925464642,0.01527955048546499
115,0.014811569629031537,0.012589095027637163,0.012906762106078011
116,0.012738208476839097,0.011786420778967481,0.011970192270011318
117,0.013088457324216521,0.011804542605355845,0.012566286082170447
118,0.012330473724073372,0.012185443783612146,0.012316271662712097
119,0.013594203451204868,0.013714082195829893,0.013583117753875499
120,0.012212511464633247,0.013204754092524957,0.013363896584024235
121,0.012191226900610358,0.010436633966118453,0.010386327509673275
122,0.012074727132379939,0.011521901313566466,0.011945688906981021
123,0.011748732251529425,0.010999197255248148,0.01117839405731279
124,0.011606258488369459,0.010965494339534127,0.011216093538975229
125,0.011660539678164892,0.010302861151504457,0.010464163535103505
126,0.011751471000802503,0.011084904116571719,0.011449953579172795
127,0.011396993050064013,0.01342438420059007,0.013574110686170811
128,0.010965502276826265,0.011229290643719686,0.011779066707406725
129,0.011609462160145502,0.012232850313604724,0.012420323278222765
130,0.011722679775636579,0.010565385813920592,0.010713590080944859
131,0.011033306368837582,0.010902597861257291,0.010672437293188912
132,0.011382141186229443,0.011758074128758901,0.012165257821277696
133,0.011097408238361382,0.011033601934176664,0.011467009174580477
134,0.011087154179949932,0.010801871123542707,0.01091532116489751
135,0.011563800845368745,0.01300236826476613,0.013418037672432102
136,0.012126478682403019,0.011102943581560288,0.011063682941757903
137,0.011199703475765443,0.011056688438852153,0.011390451265841114
138,0.01072873539452492,0.010258456802854655,0.010482277797192944
139,0.011167685128099411,0.010549028999551183,0.011230531471724413
140,0.011672196167755902,0.010394372116069408,0.010301392487421328
141,0.012054235632255517,0.013505949275489442,0.013254289800415233
142,0.012375816881319165,0.010643943842567555,0.011033337031091963
143,0.010910595008945492,0.010335209797999513,0.01052647593374155
144,0.011519781784365402,0.011384184919588687,0.011395191317614245
145,0.010999375104073448,0.010201235697749469,0.010557659084395486
146,0.01104314459334198,0.010136442132758577,0.00998984953882743
147,0.0106179158719263,0.010460876076867206,0.010379436330831781
148,0.010468182504462655,0.010962157543625688,0.010903650172510925
149,0.012636091822972489,0.021003598025136638,0.02196511755488357
150,0.01288226287937469,0.01161212733387472,0.011670091246463815
151,0.011395050691923128,0.010212160270407536,0.010462376460128901
152,0.011570235283809533,0.011060947933285197,0.011219549163871882
153,0.010835780076353739,0.010285310457905532,0.010322061804484348
154,0.011282960924295045,0.011013802018021922,0.011348721172128404
155,0.011813808072457884,0.012330110727191902,0.012575633671818947
156,0.011228155185718363,0.009811860797090925,0.009805032261172119
157,0.010526888494344123,0.010077283425363803,0.010016869525520168
158,0.011124004948447251,0.01028955319120461,0.010504031287772315
159,0.010488730230077703,0.009780700518794936,0.010067579469510488
160,0.01059475301956362,0.010025337060520605,0.010182917612243672
161,0.011431183767668322,0.009924753875647285,0.010189559842858995
162,0.010994752238393177,0.011555807111215005,0.011973054661434524
163,0.011901199691101441,0.010102271463584809,0.010230382296199702
164,0.009923200029987976,0.009979968509585897,0.010108391963401618
165,0.010218758058153378,0.011197270378624825,0.011166387370654516
166,0.010933618407380637,0.013363870273798671,0.013644284131575604
167,0.011988121961026034,0.015233082727973168,0.015527330338954926
168,0.011323742048206992,0.011746788222539297,0.01155534949229688
169,0.010348195562725421,0.009637423001007658,0.009974511872444834
170,0.01076163347966268,0.013188440796292495,0.013188265948271265
171,0.010337544274143226,0.010077320216242898,0.010241529505167688
172,0.00971815086420924,0.00968649123970371,0.009865032318903476
173,0.01044359671343529,0.01210184627869246,0.012394206636414235
174,0.010715484576955281,0.009986015934323116,0.010151383333972521
175,0.009883129649063297,0.010104501074473672,0.0100772709642746
176,0.010162519104995101,0.010366256625082587,0.010589595732032036
177,0.01047073319580289,0.011270040723100417,0.011237071636988193
178,0.009697578870123479,0.010007644220343356,0.01012543600280674
179,0.01159032153638467,0.010120844928419763,0.010377424864136443
180,0.010117082727876136,0.010091178747487566,0.010417362446991764
181,0.009654619486550352,0.01338644208623788,0.013289790220406592
182,0.010116430259072821,0.01121438581484006,0.01119754106110456
183,0.010015672608197567,0.009244998410123207,0.009405703911063622
184,0.01019662179585014,0.011335003685764998,0.011423585974440282
185,0.009686165796452213,0.009244808640640432,0.009448027808447274
186,0.009447027449944986,0.0096287639559541,0.009767410744513785
187,0.009480142505119072,0.010250440305943659,0.010527877441170265
188,0.010553165244827703,0.011242481010032009,0.011344459440026964
189,0.009548494848666083,0.009896909413336947,0.009847654828003474
190,0.00951819010695462,0.009702709252120167,0.009503014043581729
191,0.010317915112199857,0.010757763496373385,0.011032871749936318
192,0.010097576077036673,0.010833770640060204,0.01089356056585604
193,0.01057611012822677,0.009680587671864608,0.009565359323608632
194,0.009619886228656796,0.009854502300126841,0.009877110432301248
195,0.009136823377529815,0.010433975787096648,0.0102984861147647
196,0.009431695552601217,0.009589015933936356,0.00974492527240393
197,0.009255007238199763,0.009580921142385962,0.009762855284676259
198,0.00938229168398559,0.009419768274296001,0.009359044155904226
199,0.009787715764869866,0.01013083140967509,0.010133136595998491
200,0.009799010879127578,0.01001761029178249,0.010108404127614838
201,0.010155151553806804,0.01131123438342116,0.011377976180947557
202,0.01025269874539248,0.012417592786438971,0.012182621095253497
203,0.00938581259711348,0.009649517470411036,0.009494728275707789
204,0.009039838731280257,0.011083158830241042,0.011242095000889837
205,0.01033034424636076,0.012051890346016891,0.01224877502845258
206,0.009888854709050416,0.009180921469125454,0.009362742380828274
207,0.008976056360024158,0.009905583433190469,0.010016940838220169
208,0.008927205393067046,0.009917823621840183,0.01003017641451894
209,0.009441015613995466,0.009520906590966922,0.009519495678191282
210,0.01013920268933013,0.00962674710884745,0.009997507595286077
211,0.009667832113404376,0.009571593096243714,0.009568931002702032
212,0.009091284119553266,0.009536323451585373,0.009956057164437917
213,0.009180967851231495,0.00900444603604828,0.009150737136298296
214,0.008825912015917132,0.010008555554743115,0.010117346078765636
215,0.008875594855125011,0.008908945655549103,0.008898817268865449
216,0.008678122768643702,0.01016490770720341,0.010120910573370603
217,0.009827633373737854,0.011477552189242415,0.011510436936300628
218,0.009366188916019688,0.009884627226834546,0.009992820837972115
219,0.009916200818500453,0.00909823450045629,0.009123986853020532
220,0.009308307442995833,0.00865559077768373,0.008557180208819253
221,0.009401399482141111,0.009408287125570285,0.009389980487069306
222,0.008971451159726728,0.010449718178582309,0.01051413967293136
223,0.009268830261549087,0.00916976691546593,0.009104885769133665
224,0.008671036552049384,0.009619561105220678,0.00985575360911233
225,0.009041398955113173,0.010127648200484035,0.010067423615528613
226,0.008500948974497088,0.010169411929395236,0.010233733080783668
227,0.008655636975894337,0.010254145922813616,0.010129133809585961
228,0.008699712141240655,0.010010063676729207,0.010214385785618606
229,0.009488029849502441,0.009782835986080988,0.009596634200032877
230,0.008621668566394767,0.009160714534867158,0.00907493568956852
231,0.008956920629222287,0.009511363234566327,0.009539697623374511
232,0.008492318039887632,0.009878156935030358,0.010108389948703805
233,0.0083110788274604,0.009730708707410829,0.009528006750101946
234,0.008297945751346708,0.010343307440082897,0.010164430326953227
235,0.008978340376177143,0.010543156939603372,0.010634113521296151
236,0.008721589192999018,0.009041216619349583,0.009131683910987815
237,0.008733015864953382,0.009294428210423434,0.009255165044142276
238,0.009030012051498087,0.0112863892139135,0.011138531018276604
239,0.009631841229848156,0.010193309999815912,0.01018781233959052
240,0.010456200854032885,0.009414206580379905,0.009619069038605203
241,0.0088949250549502,0.009766469745949165,0.010059792624444378
242,0.009557035060450175,0.010391975273911926,0.01080099143544022
243,0.01105451325990874,0.011732928018981943,0.012244546823963826
244,0.0101627501173423,0.009636779616708753,0.009525158119444944
245,0.008783893381179452,0.009986926204523894,0.009989488793879139
246,0.008236738669271737,0.00956097649516965,0.009790144594652312
247,0.008364263848422157,0.009475242268729396,0.009353597933540538
248,0.008620838960794934,0.009725512185774027,0.009614699197058775
249,0.00828147529593034,0.008878454454356017,0.008832023688116851
250,0.008475378919912029,0.011535017984099276,0.011662579616721796
251,0.008832083166437386,0.009895048167324325,0.00988460700882941
252,0.008267225723055978,0.00944917403053443,0.009315328178357105
253,0.008174200069038122,0.00869104722727054,0.008708276690877214
254,0.007752093786111969,0.009075386528381222,0.00901565510703593
255,0.008064342549116147,0.009247898580392126,0.00918161819631956
256,0.008433717659930942,0.009174844588880692,0.00927722020720949
257,0.00819809650072047,0.009104471086562583,0.008925836001123701
258,0.008201264899600467,0.009494578460177679,0.009592105577490767
259,0.008638407188088013,0.009117920623334158,0.009219493108744524
260,0.008286946592690221,0.009026360097502325,0.009010827510940785
261,0.007980207795262094,0.0090270120714073,0.008883946176086153
262,0.007666666065553651,0.008728069151567154,0.008558332159811137
263,0.007854305395400033,0.009764923236785504,0.009560754446654903
264,0.007992311592811977,0.008890581837913625,0.008807524810640179
265,0.008324987579539471,0.012670711260101887,0.012748005362797757
266,0.00945649287770486,0.01046631515985772,0.010789492908789187
267,0.00804051497797552,0.009191936916775174,0.009190701252343704
268,0.008253911458189479,0.008439469029605816,0.008543265603330671
269,0.008007257471551186,0.008928806345067146,0.008935282653083607
270,0.00814904941464412,0.010048521091431385,0.010003647595948103
271,0.008338596021732732,0.008578836528304356,0.008539758622646332
272,0.007936895810907034,0.00894621610831515,0.008738768077930626
273,0.008074759186594883,0.009052836950099319,0.00903802015343491
274,0.00803128597202184,0.0092084989315126,0.009219639231355823
275,0.008335068524987128,0.008947340130482909,0.008949870585787053
276,0.00804319965104712,0.009131706713033828,0.00909990836315009
277,0.007624945118179616,0.008566221817627147,0.008545892693254412
278,0.008267747657968469,0.009328836690062601,0.009512800951393284
279,0.00835646015432913,0.009509728890979535,0.009602805713609773
280,0.008137699048944536,0.010245959686164971,0.010415274953963806
281,0.007629504804277704,0.01017745389106759,0.010213668325117655
282,0.007716202174403146,0.008531227572462536,0.008593894237158249
283,0.007733980637761947,0.009039848515543854,0.00898777533854757
284,0.00801146726646438,0.008979366134650852,0.008858251328371008
285,0.007567238238392426,0.00950928546206795,0.00956686517717887
286,0.008038267448899291,0.008678690698867815,0.008706720393835281
287,0.00815861105202815,0.009109194913815791,0.009101101748493254
288,0.008217172789669722,0.008695499303712242,0.008659665149693586
289,0.007522900430885826,0.009079113049159756,0.00903412513434887
290,0.007667856209269973,0.009865017688276283,0.009571889453396504
291,0.008073019099061602,0.008667794213461455,0.008657091962439674
292,0.008430698374340378,0.009254130415610106,0.009331472712207814
293,0.008235036042863969,0.00941015464275548,0.009564173426859232
294,0.007961968367250851,0.009359632594228532,0.009238777834237839
295,0.007872979509299155,0.008585893839868502,0.008368135486938516
296,0.00766816116711525,0.008775524710727121,0.008697142862543767
297,0.007902258567395215,0.009543791771999257,0.009783989160644765
298,0.007876037313352997,0.008479597768809414,0.008493416847623125
299,0.007390056221889771,0.010193942286039717,0.010210864435957402
300,0.007624748727018998,0.008464297628015037,0.008456349905048097
301,0.007672364931146892,0.008847320705020369,0.008773546855972737
302,0.007478230381352042,0.009302844314052218,0.009069201061312033
303,0.007632824433826854,0.008916316601756123,0.008742305127029516
304,0.007260246506841306,0.008851904970178494,0.008649464316514074
305,0.008190481773167675,0.009899528521053266,0.009803478282933332
306,0.008041152640805082,0.00850306126597432,0.008517508299983278
307,0.007436320287879647,0.009868645466592121,0.009862736779816297
308,0.007327562516596294,0.00925018569603313,0.009257830375311325
309,0.00786065846534487,0.008390267766037,0.008163606177787391
310,0.007506024910182488,0.010024958395718502,0.010013770540149845
311,0.007369415545197902,0.00919051917568835,0.008986921790911227
312,0.007290456559764315,0.008521988234906871,0.008553545617935608
313,0.00849094300917009,0.009614888131475973,0.009596448467702282
314,0.007548396394487457,0.008789039619721885,0.008735714480280876
315,0.007059255238453686,0.009257187821278632,0.009189624111263119
316,0.007473621059871094,0.008973410649104265,0.00902737775931553
317,0.007592084448196158,0.008530398751490998,0.008618868355240141
318,0.0073017500428554285,0.009928804597044302,0.009983042559149315
319,0.00718559316033876,0.008753353607211788,0.008717282238055249
320,0.0071037271158482,0.009583736290757629,0.00954673918230193
321,0.007599629990704591,0.009519616287708206,0.00966075321241301
322,0.007737747390303462,0.00831270119077031,0.008264570553996126
323,0.007108972856772763,0.009848687364860107,0.009812259970574963
324,0.007608231742250864,0.008815531447118842,0.008743933382995275
325,0.0073250583540669855,0.008331117382198548,0.008223203676087516
326,0.007547426611319201,0.00864907571350808,0.00859142725869101
327,0.0070264786876668844,0.008405221129991631,0.00839080095139085
328,0.007222222258379028,0.008277461077633722,0.008419933215695985
329,0.006778121237404013,0.009627641568091922,0.00946650076277402
330,0.006849121263966778,0.008559186170113708,0.008271479104854623
331,0.006972327767833461,0.008814421183523637,0.00882306531527821
332,0.007278057068378667,0.0091707010921367,0.009005805971671124
333,0.006923870312787688,0.008331822870109482,0.00823765510351074
334,0.007265754466991045,0.008510666031900555,0.008482190343190213
335,0.0067336697771747216,0.009118834504210053,0.008976168930530548
336,0.007263520371783244,0.00941644637717331,0.009222679904529027
337,0.007110842671807808,0.009409728165013394,0.009267520539614618
338,0.007220284282646286,0.008854277259745172,0.00876452424088303
339,0.006612639786604182,0.00887578084444897,0.008806397530193232
340,0.007032813451877004,0.009479242592703187,0.00930277372197229
341,0.007342214241264762,0.008510276497065993,0.008566167547690625
342,0.007220190982729128,0.009310314382793002,0.009482438847118494
343,0.007568799057146848,0.008515681107610905,0.008369658294380928
344,0.006920137960770958,0.008898644665487452,0.008666373067060295
345,0.006919278007143466,0.008529417560029482,0.008622567454467014
346,0.006865543286823403,0.008953745924227359,0.008925090258827015
347,0.006807194069746133,0.008357333506044923,0.008319155788239168
348,0.00729635698746773,0.008656244233865858,0.008588805870742214
349,0.006840396462642219,0.008470521633769077,0.008199404240870962
350,0.0069987891365219075,0.00888609544105475,0.008962872457139346
351,0.00653796563731911,0.008569731773912822,0.008480101823806763
352,0.006460254612777915,0.009270757650542293,0.009112879215758674
353,0.006737923759612299,0.008638388685265664,0.008587264664927307
354,0.007096547317019427,0.0085380348732801,0.008487720916769942
355,0.007034819090736729,0.008275609979518535,0.00830939138422207
356,0.0067916209360586784,0.009088641012682216,0.009074741708380836
357,0.007230205088745669,0.008704560387938402,0.008533210322564962
358,0.00672857083421326,0.00835328525510983,0.008429544844797679
359,0.0063509101347736015,0.008277253140754037,0.00827708254967417
360,0.007015070434482325,0.009232379974749563,0.009207032734946328
361,0.007025590473645379,0.01016268676193483,0.01022350788116455
362,0.006501132142097277,0.009209825569565133,0.009167265603128744
363,0.006748609814866425,0.008174825090930999,0.007983111985483947
364,0.006261467906612898,0.008335308235797246,0.008242737843978162
365,0.006995254666755424,0.009309785817962846,0.009219032845326833
366,0.0067944568727905325,0.008554124041605505,0.00854594290864711
367,0.006863239581472782,0.008159340007556371,0.008059877332071868
368,0.006449829861110684,0.008104033776491087,0.007995739047016417
369,0.006759348091789447,0.009843904892641564,0.009854959476054932
370,0.006952006456363215,0.008284603487109332,0.008172270670837286
371,0.007319145319436036,0.009412370229022042,0.00936157476841187
372,0.0071280067094302065,0.008226924700427622,0.008199094129460198
373,0.006733379202908929,0.008279815807917196,0.008353207374409753
374,0.00668743017976552,0.008779796443448461,0.008814562872356298
375,0.006431477966974733,0.008617988560885005,0.008571914188107667
376,0.006963652457488089,0.008989024538562835,0.008979009274317294
377,0.007493126569542943,0.008595082019858815,0.008647687961252369
378,0.006425379254637799,0.008573088181488216,0.00852267717828556
379,0.006395574781338443,0.008336999856093541,0.008379239056791579
380,0.006285184746095424,0.00887000957934761,0.008943236451976153
381,0.006287778945667853,0.008605612116758473,0.008483667724898883
382,0.006372966286028616,0.008490323336257825,0.008412110828319374
383,0.006104166373398488,0.008411806849378272,0.00836860479748979
384,0.006427096608057012,0.008786432294208581,0.008452994254778842
385,0.006539653440987157,0.0083595474199988,0.008484262364859484
386,0.006438170161106895,0.008481717501153372,0.008270198517307942
387,0.0065618857825726585,0.009800985519649993,0.009784785878597473
388,0.0075763653110362305,0.009317191768714957,0.00921458834592177
389,0.006824539034896715,0.00891977509641959,0.00900347534643144
390,0.00644463308114433,0.009029319710885815,0.009094353157038592
391,0.006393894713272478,0.008882686925736337,0.008802975546948763
392,0.006607215260950531,0.008254003851641389,0.008442757309091335
393,0.006574727716000099,0.00830792050488577,0.008389019540378026
394,0.0068258704951857235,0.009269165380822402,0.009364095801601604
395,0.006220452508561391,0.008503919466439188,0.008400819131306239
396,0.006112152620237083,0.00809125954998788,0.008048999332347694
397,0.006708774542593928,0.008132452564187813,0.008296057962033213
398,0.006137221043498951,0.008015166434226149,0.008202155177690545
399,0.006679741892331949,0.008384540551172078,0.008294724840290693
400,0.006496011507216058,0.00903552247066732,0.008909541885463558
401,0.00636104671079038,0.008161760110063034,0.00820028010223593
402,0.006289222234433883,0.008244392310491726,0.008256200168813978
403,0.006253179516448584,0.008614960078624528,0.008668277184573971
404,0.006208383808135294,0.008778014290224474,0.008760226396273593
405,0.00665825405336579,0.008025032775017817,0.008048882745966619
406,0.006132835505528075,0.008901308089489954,0.008941941951610605
407,0.006071865488315362,0.008171821693360814,0.008110814404730894
408,0.0063726853348885885,0.008489629022436204,0.008327096700668335
409,0.006488429471140816,0.00982749996127532,0.010047089650618787
410,0.005986694880933193,0.008676735233238168,0.008695022107995286
411,0.006280619684611117,0.0081223405454597,0.008044272014985279
412,0.006184443890935937,0.008091033635746819,0.007995746687662845
413,0.00611919012465855,0.008314024218147724,0.00824684216355791
414,0.006155073570258456,0.008294900334396374,0.00825690143570608
415,0.006005280055148953,0.008137576150187233,0.00793735188793163
416,0.006375439695442802,0.008061988224885156,0.007964116198067762
417,0.00598516121926381,0.008028271816648327,0.007963473509464945
418,0.006459383541149164,0.009880025630435855,0.009931447212489284
419,0.0059673169992310315,0.008269870906436385,0.008181842272074856
420,0.006310515408593465,0.008661854918942238,0.008534438223863135
421,0.005692124001153947,0.008096671989996734,0.008035629683611344
422,0.006321969447477908,0.008421108936666777,0.008378061104793938
423,0.00613095598245574,0.008527509109190581,0.008658670991355059
424,0.005656380091148075,0.00795323309403524,0.007833952084183693
425,0.005920608070950509,0.007896600985059551,0.007864973374775477
426,0.006542177339766983,0.008106175590963924,0.008013966132183465
427,0.005885956064191118,0.008034041713493855,0.008018581994942256
428,0.005802775543879687,0.008848501851869204,0.008841091462848137
429,0.005986225868615297,0.008064220686307008,0.007937926038795588
430,0.006471605719966029,0.009050363181558272,0.00922265101452263
431,0.0059569164819617375,0.008728254284182937,0.008658065783734225
432,0.00591352875598649,0.0079544190677866,0.007953526110065227
433,0.006042838898140172,0.00871321399797573,0.008702742201941354
434,0.0057422816607361265,0.008618175479834794,0.008530558334017287
435,0.005832889025358096,0.008214836236147072,0.008239489808982732
436,0.005822388887401069,0.008164668983959343,0.008122336271466041
437,0.0058514081411124245,0.00877131226909193,0.008655060690884687
438,0.006657464353478017,0.008766654270147186,0.008881191513976273
439,0.006125535738614412,0.009693411877712868,0.00956006515391019
440,0.006153888580184884,0.008250983198844852,0.008239543635626229
441,0.006268002158279653,0.009114966939059282,0.009010679867802834
442,0.0061480440047940585,0.008448373562560285,0.008424658252268421
443,0.0060609620622641535,0.008594333317867785,0.008635669794617867
444,0.0057630294438507776,0.008057487917425301,0.00814367659694078
445,0.005814911821439568,0.007890980722192333,0.007842220061895798
446,0.0058497017623724695,0.00829013492736865,0.008273304116969206
447,0.006111279359838031,0.008418435820852116,0.008586060179739582
448,0.005895989925387498,0.007833297184622308,0.007827852301451624
449,0.0060533323551286945,0.008084997803177082,0.00814758149945006
450,0.006226405360747852,0.008147472364564614,0.008226450684727455
451,0.005969853992774027,0.00821294367227869,0.008264567969100816
452,0.006021417060847482,0.008856934184532464,0.008817017116412824
453,0.006433506199871552,0.008174837101176655,0.008157149299371
454,0.0061074538631245715,0.007924509033259072,0.007839866742795827
455,0.005757248541286148,0.00838604897721502,0.008292520000618331
456,0.006046193109935584,0.008447062469414313,0.008287324285020634
457,0.006101263707025576,0.008732053740598855,0.008687338050530881
458,0.006213760081328166,0.008415472292736655,0.00830166946564402
459,0.00600646579536446,0.009425622774960606,0.009599283071500915
460,0.0061030542384941265,0.00811668060317329,0.008167605847120285
461,0.005769451771853069,0.008189046057943293,0.008270750962653938
462,0.005733318626339808,0.008392798431216483,0.0084435836393006
463,0.005991900811333136,0.00846961634249925,0.008355640369106312
464,0.006409596182345375,0.008448667585536203,0.00854445872258167
465,0.006362739407958227,0.007907318380980063,0.007824473387124588
466,0.006181995688886765,0.008179890526057467,0.00813066294150693
467,0.005634905914824703,0.008398085865852044,0.00833850874736601
468,0.006095442976088682,0.008169773528398405,0.007979708628690973
469,0.006006648665581777,0.0079738167167261,0.007960923852360979
470,0.0059992269002783795,0.008349912960563914,0.008282731534266959
471,0.006259273206566338,0.008000840681621223,0.007902193206305407
472,0.006167991114964191,0.00825445647827275,0.008201345307182292
473,0.006487648802161494,0.00836243189333273,0.008388128967917696
474,0.005763698262178732,0.008101120379749105,0.008065530308047119
475,0.005849177283359287,0.008422831190690913,0.00850901201519431
476,0.005672444238432366,0.007860537942052933,0.00786243865684587
477,0.005645841340081167,0.00795900751372644,0.00808800395806225
478,0.006017505245891148,0.007911818080326215,0.007933910746051341
479,0.005304007256094206,0.00789879638955256,0.007961394455359906
480,0.0054283390031493635,0.007792630454826142,0.007765629537859742
481,0.005522721692050064,0.008173674691831327,0.008160313705400544
482,0.006031807821944927,0.008307331394734954,0.00830980344694488
483,0.005513440011205469,0.008782673543403731,0.008781848437323863
484,0.005623485684247729,0.00793036110146886,0.007996748372608302
485,0.00544946536564557,0.007769961382201389,0.00786079249667878
486,0.005793039154252697,0.00818707314705176,0.008176016374206056
487,0.005486029369538081,0.007926993747846792,0.00795584685188167
488,0.005905818985396527,0.007924438682104932,0.008013777358799564
489,0.005587018755319746,0.00774109011990173,0.007739292761805106
490,0.006023841874909768,0.008019341134804583,0.008031303937337836
491,0.005507144331715732,0.008146114598691852,0.008105830422469549
492,0.00565712415893388,0.007864592578181919,0.00791019391344518
493,0.005641344565309748,0.007814503772662015,0.00782989778993081
494,0.005624017088147233,0.008252343473186641,0.00820617925147621
495,0.005705537886708178,0.007762125381039182,0.007685809111108585
496,0.005543809213202866,0.007860368772421881,0.00787267807338919
497,0.005397473043858417,0.008496876179497341,0.008322615252465618
498,0.005422866438665837,0.00862829137528777,0.008479208590424791
499,0.00564019956585976,0.008360244508339195,0.00820857978292874
500,0.006240829511715422,0.008071604022830749,0.008115062224013465
501,0.0066781615514987505,0.008778493179766427,0.008955071091043706
502,0.006133247006784056,0.008877095092184784,0.008714592274354428
503,0.006095019070719316,0.00935002017891542,0.009426205552050046
504,0.006160595398028484,0.008174327159828685,0.008360195258746341
505,0.005936318104729731,0.007969794006566578,0.00800108400230505
506,0.005771050536323611,0.008033881627561258,0.008163281317268099
507,0.005455806114225195,0.008025022247049315,0.007955264224081623
508,0.0055333127075120475,0.00780389610325798,0.007847675901590561
509,0.005673492853026772,0.007805576473450748,0.007742009752867173
510,0.0058380871839198295,0.00828795791831519,0.008264440891085838
511,0.005760970413490143,0.008079946240644486,0.008021193727546809
512,0.005742137643760643,0.008136676103898104,0.008169255960656673
513,0.005381703857574764,0.00925363187639409,0.009399114138617808
514,0.005665573603003075,0.008279274776756107,0.00833096385610347
515,0.00567188822479354,0.008142908851286641,0.008105186897577072
516,0.0052130404939825245,0.008168622635206346,0.008132255655162188
517,0.005645920517643466,0.008614057941944543,0.00855601826036463
518,0.0058746078640058135,0.007934841531212015,0.007884848786860096
519,0.005343448418829672,0.00807866551517661,0.008147185250204437
520,0.005222788720384119,0.007823115194811122,0.0077855412145050205
521,0.0050718573091874004,0.007764818716634504,0.007661773576116075
522,0.005255857470654098,0.008094167929791804,0.007879507404809095
523,0.0054076657718118894,0.007767451240859418,0.007762281186118418
524,0.005363380639737041,0.007981747697647461,0.008058635860073323
525,0.005028110931537673,0.0077035312692115285,0.00768080718663274
526,0.0051683701496921764,0.007883388992703627,0.007804835405276746
527,0.005058771767842818,0.008161407860199952,0.008166355251961825
528,0.005203858359190057,0.008733627082779707,0.0086143714736919
529,0.005442496113864214,0.007756410480476768,0.00782674075845553
530,0.005586665805156638,0.00794181340280074,0.008083321002064919
531,0.005424268407969975,0.007858121488228495,0.007824868800080553
532,0.005195175391123235,0.007840378896748832,0.007753929503414096
533,0.005153354601317997,0.007697815228435918,0.00769517540323491
534,0.00516046424429868,0.007731660936849075,0.007674645100321088
535,0.005142551250799054,0.008280587086129488,0.008237066545656748
536,0.005133780078047348,0.007884719203424172,0.007898300506022513
537,0.004999277340388845,0.00813177261705245,0.008148888316081494
538,0.005504882166488799,0.007859685784717999,0.007797628032917879
539,0.005823959894997525,0.00804570727270033,0.008025235135336312
540,0.005434843518475934,0.007779848626901635,0.00780182742342657
541,0.005045611696895407,0.007792498076074188,0.007765405944415501
542,0.005283344345022335,0.008590104419155477,0.0086733094815697
543,0.005636137008610745,0.008097761425697573,0.008139986088689493
544,0.005258000845740724,0.008078201638441727,0.008020928623724957
545,0.0049125954019864125,0.007751530215973188,0.0077616525243739696
546,0.005226743610902461,0.00856096098796614,0.008475437684326756
547,0.005423961762170136,0.008048307186827863,0.008094320948026618
548,0.005410011727946976,0.007979917579455067,0.007956307685496856
549,0.005065256997436701,0.007754452696413624,0.007709675525524178
550,0.005054458279192932,0.007819113806638349,0.007863628392925068
551,0.004991364553916884,0.007821877113316745,0.007899141129182309
552,0.005077387527514002,0.008077360845231637,0.008056541638714927
553,0.005091794080162609,0.00801235816514076,0.007919787828411375
554,0.005083847876949697,0.00773143038574102,0.0077467443307443545
555,0.005296280042946546,0.007877424689508332,0.007897122516011705
556,0.004992305387663855,0.007848252981031756,0.007822847944133135
557,0.005299034376999711,0.008378235020174585,0.008304568577785882
558,0.00520052002098208,0.007811933770127299,0.0077100273753915516
559,0.00516430639556926,0.00789607899545882,0.007854491624296928
560,0.0051026858630591225,0.008258331796873249,0.008243923208543233
561,0.005072218969001345,0.008075428487922745,0.00801462892975126
562,0.0053580257555947974,0.007959360865795611,0.007939639558293382
563,0.0051129633013448925,0.008130592268352853,0.008246633319222197
564,0.00489389186759634,0.008535243137286038,0.008603513164787876
565,0.0053014564528005605,0.007953574397851649,0.008026934323870406
566,0.005026971255553482,0.00796601511199528,0.008099350013903208
567,0.005048371290595516,0.007874959966658634,0.007832893797633599
568,0.005109272314761262,0.00789535283168195,0.007868473551103048
569,0.004945986384458831,0.008065192299977684,0.008099712963615145
570,0.00479941541906641,0.008769428294829617,0.008889024811131614
571,0.005306034965460101,0.0077786525052528374,0.007766724164996829
572,0.004923731915579198,0.007923753604010191,0.007909020827132828
573,0.00562365140720475,0.009071896639847782,0.00902172383301112
574,0.005169024334032777,0.008077112772847483,0.008076120396049656
575,0.004907211340730198,0.007977604885031386,0.008128535040483182
576,0.005020398686615086,0.00820458191881221,0.008322765708577876
577,0.0048095905827736955,0.007655026371848083,0.007664207597168124
578,0.00504331576716886,0.007841483383263848,0.0077940647927474006
579,0.004786281483291143,0.007900362358354751,0.007847892690678033
580,0.004959246648300297,0.007974848723689011,0.008105597553812727
581,0.004834882878783861,0.007743695355024175,0.007632901930079168
582,0.0049734608027932605,0.008200740806607563,0.008295784153196276
583,0.004830965426135008,0.007861540835572263,0.007848882249423436
584,0.0050690541044959275,0.008315253253950754,0.008362660070463103
585,0.005018285613855332,0.008444686949243581,0.00852239618496019
586,0.004989610054680556,0.007762926836894038,0.007749389020764098
587,0.0047763098403378786,0.007890965937427902,0.007949132396250355
588,0.004926177178175296,0.007966270025658603,0.007909505114871629
589,0.005192065923545038,0.008028230312888025,0.008005085686335758
590,0.004854709716107043,0.007825908907174722,0.007878909229624028
591,0.004871694937090927,0.007819381186632605,0.007709981607539313
592,0.004860437100344315,0.008053060811652572,0.008088290083165072
593,0.00479751468487906,0.007992702333926774,0.007951315644444252
594,0.005373727307415867,0.00785367541690962,0.007776090191030989
595,0.005037104819104092,0.007979829669017722,0.007930480361897118
596,0.0053461894401620625,0.008107748667095032,0.008179526167864703
597,0.005272958638594333,0.00779719130760666,0.007789557457578426
598,0.004934593937256991,0.007784655955767833,0.007675314398140324
599,0.004812929846355032,0.008030127779673147,0.008139998861113372
600,0.004801488055281869,0.007863573721677859,0.007835535598652703
601,0.004760452316593678,0.007785997530613222,0.0077795879345159144
602,0.0049019956698427005,0.008679198473810712,0.008801645314206883
603,0.005298249143890768,0.007973010814039783,0.007903175010364883
604,0.00483483902171133,0.008074003335450154,0.008066363024468325
605,0.004987268398475858,0.007908929502224781,0.007968933644647501
606,0.004553213231503514,0.007615954230205306,0.007607495830375321
607,0.00481468405678401,0.007810656731348754,0.0077506496133852975
608,0.005043255052184221,0.00789513831957284,0.00784361130576961
609,0.00503407495445707,0.007929291657506042,0.007900255485152712
610,0.004617736709999671,0.007705595511179991,0.007711665362727885
611,0.004802223939922369,0.007881772018364508,0.007835623789198545
612,0.004961796761214578,0.007797681561273459,0.007767457020830135
613,0.004846894696601488,0.007834411819034761,0.007922041476989279
614,0.00482541145746024,0.007782293320006206,0.007820895511885079
615,0.004948405204416533,0.007832920914267917,0.0078073303614343914
616,0.004668470960744288,0.008167358024751629,0.00818636146735172
617,0.004758460036696353,0.007890665643279412,0.00787123262274022
618,0.004675489552070264,0.007873800863931572,0.0078910444387976
619,0.004789496574044643,0.007755650832439066,0.007767593754189355
620,0.004600575407393683,0.008088516691132783,0.008015353384674812
621,0.004797435596014149,0.007863030068026421,0.007916099448897401
622,0.004930657515265524,0.007835739179222317,0.007877042593092335
623,0.0046835132935663095,0.007722477773796822,0.007702331191727093
624,0.004544600960663352,0.008128419820152171,0.008039098385037208
625,0.004841600644264833,0.007728055240662117,0.007746808382929588
626,0.004729514189267858,0.007730036019024696,0.007722803714628123
627,0.004627604870413377,0.00776295150350616,0.007786838071686881
628,0.004601560146888581,0.007937815511281764,0.00798857029603452
629,0.004829048150966461,0.008701887158102422,0.008729593600241505
630,0.0050247486493616225,0.007989694071446958,0.007987395118998021
631,0.004506319164732227,0.007787975914528091,0.007833990629534332
632,0.004518120333554524,0.007631013557972871,0.00766375550658119
633,0.004546542630317804,0.007673447200143317,0.007662001997232437
634,0.004438440513101587,0.0076998436677100535,0.0077017127935375485
635,0.004385708927790203,0.007885402077106736,0.007857973554304667
636,0.004890029687211609,0.007702113376096278,0.0077085166941491924
637,0.004529924792563164,0.007901046448264722,0.007942660426606938
638,0.004574295452987379,0.007982998473515412,0.008033959004951984
639,0.004750226109973333,0.00774604290196452,0.007820965380084758
640,0.004575794167615447,0.007658799869410258,0.007611932613107623
641,0.00440690078384283,0.007728201910086117,0.007662099767096189
642,0.00479098682077634,0.008308577191671952,0.008364382218949648
643,0.004961560912696379,0.007786438375041566,0.007788128086498806
644,0.004594593360786446,0.007807078894370863,0.00780405545113038
645,0.004643772418841148,0.007676013782038446,0.0077104078871863225
646,0.004719172790430218,0.008246779688879689,0.008310486885661982
647,0.004926477638143575,0.007712208139598037,0.00770748642330267
648,0.0046259432852064864,0.007844850660871703,0.007777371728906826
649,0.004720138783137228,0.007723457102910119,0.007719573963965688
650,0.004376779716574391,0.007989831581158291,0.007879237435301957
651,0.004780128378903495,0.007985221167110892,0.007898200379342449
652,0.004636651746015758,0.008114779525713052,0.008025752152411305
653,0.004782677573204889,0.007819938294799746,0.007704105228185654
654,0.004610384827150891,0.007754476640890721,0.007720233530414348
655,0.004539385288694179,0.007980172987210776,0.007902089772479874
656,0.004719442026754549,0.007851454737690786,0.007818957790732384
657,0.00440471869153506,0.007863858394905575,0.007784764111346128
658,0.0048973178344970175,0.008631167183001418,0.00855604916506884
659,0.004512650582779299,0.007883763248681376,0.007832268595087285
660,0.004524620380479752,0.007914512936205797,0.00791565967457635
661,0.00442992688971166,0.007679002964950797,0.007662370344813989
662,0.004563530689618105,0.007801887047608162,0.007732201291590321
663,0.0045908766181579205,0.007747794953560157,0.007731781246102586
664,0.0046293390319876275,0.0076698271752772065,0.007673069454577504
665,0.0044327386515377295,0.007622817135419683,0.007643693715942149
666,0.004451586227511401,0.00813795128032843,0.008072346638964147
667,0.0046069211395225905,0.007725774700250539,0.007653079128691128
668,0.004582853650330251,0.008054305696419014,0.00799400040081569
669,0.005864389542529184,0.007965322470486345,0.008132521595273699
670,0.004767079302190904,0.00792677946378032,0.007976778383765901
671,0.00441783434753582,0.007610900159203681,0.007723766626143942
672,0.004548332641770875,0.00785641280274138,0.007843656351371688
673,0.004573167461261551,0.007736898544168008,0.007678669782317415
674,0.004350579275590617,0.008171555757636605,0.00811855768670841
675,0.004644905534734069,0.007884357109720505,0.0078506771551103
676,0.004568278200007136,0.007632000944592746,0.007648842295213621
677,0.004274812847717679,0.007676519276554953,0.007654426809476346
678,0.004544626122868417,0.007849603791604026,0.007926485596262679
679,0.0042993081736288595,0.0077165853040328195,0.00778098252354836
680,0.004374352794597044,0.007795774668725925,0.007779447665932227
681,0.0049381630279396365,0.008325060341663382,0.0082446852204751
682,0.004512349947038757,0.007629333225787209,0.0076318721534038075
683,0.004574051459723355,0.0076725081965700204,0.00774151044992768
684,0.004429452584755718,0.00783397454727443,0.007903664391867968
685,0.004399287398919705,0.00765375769463297,0.007633774446285501
686,0.004541669080129086,0.00806589284696477,0.008105602495524347
687,0.004483750690332896,0.007687068985121569,0.0076503118462100325
688,0.004431383201579858,0.007895246905876122,0.007872799677508218
689,0.004710833669145798,0.007858227185991683,0.007814217662932922
690,0.004336067845581941,0.00781487316373013,0.007883342705210862
691,0.004385966616147279,0.007699173222351317,0.007691272781515608
692,0.004337598150812358,0.007738548926753745,0.0077389860335661444
693,0.004713353432950745,0.007959575263883401,0.008039231050987633
694,0.004351700851088011,0.007673434847833702,0.007694984197008366
695,0.004350695968091782,0.007694574970578,0.007693871133485619
696,0.004280228549874151,0.007620385022667366,0.00761760231487605
697,0.004410734189496864,0.007760272458582884,0.007788791264198265
698,0.004150809659043913,0.007643583876349682,0.007643997289088308
699,0.004568574699150283,0.007898194090935786,0.007983673059818695
700,0.004309030814349444,0.007760266833531121,0.007773997452186078
701,0.004410401696250552,0.007759892995631545,0.0077592369016944145
702,0.004472475749052169,0.007750834495888626,0.007716751296301277
703,0.004269171198700208,0.007680077615887207,0.007635936064987766
704,0.004255457515163081,0.007816400707347645,0.007735616014320023
705,0.0044369669942105235,0.007700773131499617,0.007706893569960886
706,0.004351035372162634,0.008022031961930876,0.007967657238549116
707,0.0041974059154109705,0.007639229554185908,0.007588972052445217
708,0.0042623004250868755,0.007849133453661035,0.007866762350408398
709,0.004306544242026533,0.007870702258559594,0.007831060156530264
710,0.004401467659139658,0.007712031786623857,0.007678917856240759
711,0.0043254886658128855,0.007888111565722321,0.007929036393761635
712,0.004674311371954995,0.007755548213251504,0.007728180182831628
713,0.0043723850100518625,0.007896104156163326,0.007852364863668169
714,0.0042626812283931845,0.007697289362110325,0.00774486955939507
715,0.004187380503722479,0.007704736398544567,0.00769705454609832
716,0.004628940504617583,0.007704804203222571,0.007701349197601785
717,0.0045361566145306195,0.007955245152246472,0.007824917038788601
718,0.0043711120359552,0.007780228773980891,0.007760435950999357
719,0.004242666985387465,0.007708016449842996,0.007694258715729325
720,0.004217763041155835,0.007802432829657563,0.007782164542954795
721,0.0042999135679159745,0.007752942065958503,0.007792318125768583
722,0.004304454737893467,0.007829002305573108,0.0078003890812397
723,0.004318402249649444,0.007663732013614216,0.007607863721798877
724,0.0042215336909740475,0.007631076573755455,0.00759777844864495
725,0.004189624599560784,0.008010725455859546,0.007992444559931755
726,0.004576677669047375,0.007968988331922899,0.00795817462613388
727,0.0042080068071107795,0.0076585309691317395,0.007634412003110866
728,0.004320521880607537,0.007713483202007044,0.007672343060982471
729,0.004267316755625602,0.007771801496262796,0.007804867678454944
730,0.004207139475374946,0.007838476032954586,0.007792890984184888
731,0.004255014658298746,0.00796927840215974,0.008000880745904786
732,0.0041813770385889576,0.007789106815982127,0.007777353102455334
733,0.004175322907776696,0.00778194023398678,0.007758206174689896
734,0.004381874139214088,0.00777041769552208,0.007791829010357662
735,0.004125044210603013,0.0076811953668823926,0.0076645765529603374
736,0.004116982984455015,0.007724659571745702,0.007661239605168907
737,0.004212071325437411,0.007922687694708278,0.007834856417410227
738,0.004052588020361588,0.007748014710649964,0.007720822506413168
739,0.003986802460781529,0.007807333009884952,0.00772344784773126
740,0.0041122335005491,0.007626027253642143,0.007584199195309561
741,0.004221749002531465,0.007718899974826039,0.007713351474732769
742,0.0041628881978491945,0.007794746196423918,0.007746259700887057
743,0.00421661312819505,0.007926540475094621,0.007938561542909972
744,0.004338770782743752,0.007970165183968697,0.00797220950528067
745,0.004395928513204612,0.007625719130029713,0.007631160622956801
746,0.0043179270379790444,0.007772854521155605,0.0076811067303832695
747,0.004025940401760838,0.007765884549922204,0.007670449777221193
748,0.004267353458767032,0.007616820602198072,0.007625968936754733
749,0.0041560532861042,0.007646963012174767,0.007610588809665368
750,0.004096912220661267,0.007796704170522594,0.007768601369188756
751,0.004144029045243867,0.007879807126972449,0.007820609196716425
752,0.004083278297168678,0.00766328869872395,0.007637305831422611
753,0.004116805648900629,0.007666316610877829,0.007655760691482194
754,0.00407274026866098,0.007782125328595456,0.007747224361008527
755,0.004153448301416137,0.0077490355815306704,0.007730911580883727
756,0.004226618963450574,0.007657522526574861,0.007676965538032201
757,0.00431736072922357,0.007729687455850945,0.007682901255938472
758,0.004020966662734349,0.007651798010214501,0.007628089387197883
759,0.0041469852534705785,0.00791583326507865,0.007887323634052763
760,0.004052850114112411,0.00765766311486182,0.007632681339675066
761,0.004184560773734103,0.007738630375982984,0.007710097015512233
762,0.004000926950057313,0.007717171791693287,0.007664723815966626
763,0.00409638763780724,0.007658970293275823,0.007622185828430312
764,0.004064654600974194,0.007647932763497225,0.007617337781251694
765,0.004187835615428985,0.007766055163823302,0.007784463617266441
766,0.004023422010602055,0.007656509523165201,0.007668169063268875
767,0.004210040952175267,0.007626982334221491,0.007661947790457278
768,0.004143153162322653,0.007760725313256883,0.007763279031734078
769,0.004093492362793193,0.007622664194823109,0.007639658238206591
770,0.004076622960587118,0.007743324367657587,0.007797459634591122
771,0.004230890964708452,0.007665787171884224,0.007671969467583968
772,0.0039051347220171585,0.00766092336445776,0.007645746578975599
773,0.004052414133999839,0.0077181657535425885,0.007741485703356412
774,0.004124069618305644,0.007624454937653167,0.00763048520501779
775,0.004324245182516077,0.007710296952247468,0.007762439130824439
776,0.004082643186011536,0.007722158096024014,0.0077225081622600555
777,0.004051983115262201,0.007629101572473065,0.007594166133476764
778,0.004037502420250582,0.007669721515521124,0.007592980882951191
779,0.003985412826633966,0.007666495472321038,0.007692696944791444
780,0.004062459269770001,0.00775337287651073,0.007762073710256693
781,0.004029741358232623,0.007622766509953819,0.007625033546771322
782,0.004064167874868479,0.0076577184532088905,0.007713461864967735
783,0.003934951886614735,0.007858524439571654,0.007834050690337104
784,0.0039951941953013615,0.007694720537795911,0.007688214508246402
785,0.003995222369161338,0.007648250540914708,0.007640808136487494
786,0.004089935823331795,0.007599170329980107,0.007588977450314833
787,0.003918391905787739,0.007703482392072564,0.007770285238416827
788,0.003971898442341943,0.007768501567247665,0.007794687942582734
789,0.004143753817519141,0.007922733607292936,0.008025775378455922
790,0.004294729273459083,0.007638002798809268,0.007648995602313353
791,0.00399446858684819,0.007657152071307763,0.00769763569138488
792,0.0040629717292054255,0.007843767154279478,0.007817753875742153
793,0.003978596698453825,0.007727321589485265,0.007721510848828724
794,0.0040026671806421745,0.00775982139024289,0.007771073175328118
795,0.004057190462657003,0.007716004631459646,0.0077030106010485665
796,0.004300913115007138,0.007864055499759907,0.007867844167108439
797,0.0038593456770523813,0.007726443853367654,0.007710122788438992
798,0.003950630205128511,0.007686112118208217,0.007684108554100504
799,0.003939301419665693,0.007763260957367318,0.007702678898159339
800,0.004111878575517014,0.0077860212090405745,0.007695437237924459
801,0.004158703479688705,0.007671222720213832,0.007682885366434954
802,0.003995628925537935,0.007704851218013316,0.0077033264904606095
803,0.004082288531668735,0.007665741145278247,0.0076194297598332775
804,0.004058162016257575,0.008022667554772947,0.00802501731989335
805,0.004016693095210399,0.007670369992772301,0.007674053577440125
806,0.003920950051764855,0.007741875384729216,0.007708489362682615
807,0.004035793517420932,0.007805900446026591,0.007800091514173819
808,0.004090264229737785,0.00767440448513484,0.007679409518533823
809,0.004082530730974003,0.00797447169319249,0.007926010659762792
810,0.004015483838829464,0.007875942754418622,0.007933378105564994
811,0.0040678098585789765,0.007704233260468663,0.007729943803682619
812,0.00411132630772032,0.00778156502783137,0.0077652524092367715
813,0.003920260202961689,0.007661843364477804,0.007664791935560655
814,0.003896971120965277,0.007761739228837098,0.0077523553781971635
815,0.0039019819279282456,0.007658006851133045,0.00764453544148377
816,0.004013701017814041,0.007889039889298689,0.007900535604175257
817,0.003975163749878865,0.00776614782514896,0.007775945779012174
818,0.003973802382344949,0.007853677203243627,0.007810630512480833
819,0.004033730455926261,0.007678256163315095,0.007680329437158546
820,0.004026284488404773,0.007840031663823807,0.007812052737085187
821,0.004133728957485135,0.007683754651413074,0.007700330368718322
822,0.003974415236406902,0.007648624264792964,0.007676688384036629
823,0.004032926268347742,0.007830052860003994,0.007931493678871466
824,0.004091295263860872,0.007739870737903752,0.007740842710648265
825,0.0040024550151378435,0.007707105533521406,0.0077133998654934826
826,0.00390640028474396,0.0077302297792536554,0.007689284654904385
827,0.003960479161476026,0.007665856154782529,0.007657250693562079
828,0.003990483765017661,0.007685534220153819,0.007679663712576944
829,0.003914184484340934,0.0077498434225794196,0.007726483579192843
830,0.0040324711039095565,0.007667586276277712,0.007658446359695221
831,0.004064655845712234,0.00766509734290117,0.007700931394890863
832,0.004061269500042971,0.00765849573654401,0.0077218735324484965
833,0.0038986201587367835,0.0076724192599408,0.0076523254796558495
834,0.004060363733673709,0.007655016832064351,0.00766183968101229
835,0.00407989597289837,0.0076720549238178505,0.007719157377676088
836,0.0038917462185185303,0.007657515913338329,0.0076822841121834155
837,0.003942709403711779,0.007667141669145824,0.007686351939123504
838,0.003976492939460655,0.007607152164409972,0.007646915939997653
839,0.003958678074477459,0.007600131947781773,0.007636734531546126
840,0.00408033270477539,0.007783586321769482,0.007807093767487273
841,0.0039994495217207035,0.007655626580074,0.00771562546035465
842,0.0037752110662499093,0.007678462275853667,0.007688479954186751
843,0.0038524657916753583,0.007689654494555738,0.007722748747589637
844,0.004049876288907834,0.007654322860306689,0.007673141603567162
845,0.003859551846829614,0.007671504846965414,0.007751479288753198
846,0.0039001291033105533,0.007642076552512827,0.007638465194981925
847,0.003970205896338242,0.0077214945679586625,0.007793533482721874
848,0.00398549526058025,0.0076454387751755185,0.0076542273543927135
849,0.003950490697928456,0.00767749165036776,0.007683712684986543
850,0.003872560795005,0.007612949692421926,0.007622143937921037
851,0.003890588651622162,0.007799098580225259,0.007838129693148087
852,0.003889465575300062,0.007558212161691265,0.007655111274548939
853,0.003950151695429621,0.007642903625157467,0.007711445950731939
854,0.003901878561668799,0.0076434609233601404,0.0076516808143683845
855,0.0036944596074698936,0.007634031816321698,0.0076568917352326064
856,0.003924303899035636,0.00760648536773346,0.007662079848197042
857,0.003985837694424075,0.0076959491555207695,0.007694185996542172
858,0.003913816264976556,0.007769119372763893,0.007765538724405425
859,0.003976569916083803,0.007606005756056482,0.007695121576591414
860,0.0038896379324431236,0.0077173292931426414,0.007783006496575414
861,0.003980976838237767,0.0077738466966709,0.007840808214885848
862,0.003905403560555338,0.007633218008157227,0.007638692703782295
863,0.0038903922369351025,0.007634861663485113,0.007700363972357341
864,0.003889932182782982,0.007672416599443345,0.007683053954827542
865,0.003973865789619818,0.00781623081558157,0.007895187911938648
866,0.0038954367875754315,0.007702631564986358,0.007720304919140679
867,0.004071402096034879,0.008272964760920048,0.008352684807412478
868,0.004357829804096314,0.007895647386757357,0.007937764824957264
869,0.004109598493417693,0.007779789411829701,0.007813101292264705
870,0.003837130559526133,0.007692010060995556,0.007773156068762954
871,0.00390732011424635,0.007696088185516362,0.007748179213733089
872,0.0040957330667676616,0.00767346031259506,0.007740019345465972
873,0.003935722432734226,0.007718120373057422,0.00774031333929422
874,0.004018798826638778,0.007749200380344473,0.007769966003846149
875,0.003817799848879706,0.007671577478545943,0.007713443656661072
876,0.0038799728238771256,0.007700951156786482,0.007744171599648437
877,0.0037184267950597957,0.0076705809322134,0.0076871017108158185
878,0.003938197780781264,0.007757600406967205,0.007754866033792496
879,0.003855461322861474,0.007701703735502375,0.007716798508653836
880,0.003976688628073059,0.007733897198981576,0.007747046611442858
881,0.0038497919015560416,0.0077176217198200855,0.0077476822295967415
882,0.003867935437955715,0.007631629729183519,0.007677032897362904
883,0.003924013580856509,0.007670661355250763,0.007689089419282213
884,0.003973307938214378,0.007622132513410221,0.007676730388585402
885,0.0037813451956161467,0.00766968426855675,0.007711129149003904
886,0.003923737765241167,0.007674369936675028,0.007737355268731409
887,0.003816998391450057,0.007669253952096908,0.007720786850063169
888,0.0037765424051208465,0.007629008379047916,0.007682512685352442
889,0.003866766640293422,0.007647159622936714,0.007701294306589633
890,0.0038072562256760887,0.0076224712327433875,0.007691346260966087
891,0.0038647453942088437,0.0076707139190790585,0.007699906293834958
892,0.0038421475515094056,0.00769061539022238,0.007701756394639307
893,0.0038370476566735355,0.007690988353958507,0.007691707880217202
894,0.0037102810927622373,0.0078039766783237685,0.007841917781197295
895,0.003936522979122716,0.007659213348721918,0.007677790993938641
896,0.003780030756572242,0.007639570896009424,0.0076782615209112365
897,0.003913540609719601,0.007750217450514529,0.007800507986423921
898,0.003962091234070222,0.007706574422215115,0.0077427352721593816
899,0.003842658370854409,0.0076847076416015625,0.007739434360849614
900,0.0038096313097089112,0.007688843878988214,0.007696619561436225
901,0.0038583798157689393,0.007614098761272872,0.007671082772466601
902,0.0037437705999147255,0.007703305354970467,0.007704366910822538
903,0.0039789710492955715,0.0076705876214641444,0.007728523745828745
904,0.004066787377534202,0.007739398119534372,0.007806131122063617
905,0.003681989421291357,0.007652531623384247,0.0076814632178569325
906,0.0039786751469668615,0.0077175366979228355,0.0077500994108161145
907,0.003796844906254772,0.007650905565346673,0.007759258835291376
908,0.0037559175590198145,0.007637178348654977,0.007643492702318698
909,0.003774697639796619,0.007677302945083966,0.007662889642678961
910,0.0038459146623559186,0.0076733568192440494,0.00769231099711389
911,0.0038282603293691916,0.007677249431078008,0.0076983210687734645
912,0.003991326134658389,0.0076404141216743285,0.007653302570082703
913,0.0036915283467356683,0.007610892215718422,0.007633294035889664
914,0.0039340626003824255,0.007807440646010572,0.007786715745317693
915,0.003870288326008014,0.00765829220848868,0.0076856291567792695
916,0.003835662928735459,0.0076514733915178474,0.007673608557302125
917,0.003738053049189098,0.007656559882581319,0.007672980655821002
918,0.0038428987269846855,0.007687618453860302,0.007726750165528181
919,0.003847293616039949,0.007754354067972245,0.007796525270963202
920,0.0037622826818039298,0.007691290700490749,0.007716692299867163
921,0.0037345195296745095,0.007636675400614606,0.007673316007974196
922,0.0038021579333424186,0.00774950690765843,0.00773958793404151
923,0.003774162153924332,0.007668229698583723,0.007648065838278557
924,0.003748174899546527,0.007659419157203639,0.00766220361906655
925,0.0037875663463143106,0.00765246689728187,0.007640877776608175
926,0.0038270958486736756,0.007672339977116633,0.007653852734638721
927,0.0037154215625968615,0.0076606324960716825,0.007701123627472897
928,0.0036978480502374636,0.0076470018934447215,0.0076925290026226825
929,0.003758428737296183,0.007669239433382224,0.007691127039035972
930,0.0037457319338882774,0.007681134707540412,0.007685312279024903
931,0.0038015306302596158,0.007687410783030362,0.007730314394040983
932,0.003773809575587165,0.007654922840489966,0.00768844235916527
933,0.0037371028978896784,0.007749682158426522,0.007757951790580944
934,0.0037577050536844996,0.007745793803388491,0.007769816155944552
935,0.003740944786042702,0.007728126465979706,0.0077197655123107285
936,0.0039006665272748532,0.0077082870224342,0.007720699229714822
937,0.0038120429343614258,0.007635183773712737,0.007630382797547749
938,0.0038221583211671185,0.007643876455055552,0.0076507023934807095
939,0.003720820304893312,0.00770599747433838,0.007698217064750438
940,0.003667239307963509,0.007679896093946543,0.007659032028548571
941,0.003855692932293529,0.007707544059516253,0.007694525492130493
942,0.0037372665548465636,0.007704962958906439,0.007704294571767048
943,0.003757373617235117,0.007699906759506851,0.007663508839144999
944,0.003734276576982281,0.007740142184658406,0.007719768933495697
945,0.003811491661976577,0.007695243021489026,0.007708724055971418
946,0.0036406628208821173,0.007691867838403017,0.007705269191338092
947,0.0038491803995884186,0.00766536198638376,0.007695852265674241
948,0.003842527839397356,0.007662991711193725,0.00768448572073664
949,0.003759782138019887,0.007682499732770514,0.0076999218792331466
950,0.0036584733959404226,0.00766883294737816,0.007686249303574465
951,0.0037365198328995885,0.007828515776602747,0.007761732808181218
952,0.0037844862675880547,0.0077635655463188435,0.0077561541479461045
953,0.0037037697972234396,0.007671951468473945,0.007690696121782673
954,0.003787700245297502,0.007679355404849412,0.007671039969641335
955,0.0037008472739931946,0.007713854379409165,0.0077197212269719765
956,0.003747981561414906,0.007675885356025568,0.0076684511969892346
957,0.0036553313263933177,0.007639721062087222,0.007654177557144847
958,0.003734262249379502,0.007679660069815151,0.007689343005114672
959,0.0036590659596636007,0.007634545710408743,0.007670300499517091
960,0.0037109962419545088,0.007667463513323703,0.007701696561915534
961,0.0037667569193262154,0.007673034975066171,0.007726876711358829
962,0.003633036213287701,0.007647027700270037,0.0076695317212416205
963,0.0037258659158460146,0.007695061993640746,0.007746682673388598
964,0.003617642274554754,0.007651996749374412,0.00769571131285356
965,0.003706915989576576,0.0077158976414548365,0.007717167160340718
966,0.003740323748024187,0.00764674857607987,0.007682506945364329
967,0.003842948586274367,0.007673389733398281,0.007696662934458986
968,0.0037291718046013242,0.007710212158392856,0.0077225374323981145
969,0.0037241890982148192,0.00763850966158161,0.007725655234285763
970,0.003660961699755332,0.007653895584415367,0.007704500070944124
971,0.003788820947882796,0.007713126467305394,0.007786686627232298
972,0.0037545798577337973,0.007662750708131381,0.0076977412159345586
973,0.0037210329676979374,0.007646496740992172,0.00768936383632981
974,0.0037178839832700088,0.007640878340473172,0.007667679947857954
975,0.0037081778681167465,0.007669719539151586,0.007670540666701842
976,0.0036186865967904997,0.00764416709539899,0.007683623734177376
977,0.003678378259382372,0.007679953028592086,0.007723693412785627
978,0.0037049238386690515,0.007616174671423031,0.00767106330972545
979,0.0037304171948919764,0.007727716407307631,0.007766982350422412
980,0.003753791339576469,0.007661116098494843,0.0077046947363688025
981,0.0037100548768344657,0.007649099239602949,0.007696936325151093
982,0.0037794159471114686,0.007652665750463101,0.007691484780944124
983,0.003819781984824527,0.0076451381009559624,0.007686002826204105
984,0.003843051966866013,0.007670174864287508,0.007721693958250844
985,0.0037285079352090376,0.007646796084963,0.007703853466985177
986,0.003649725582781621,0.007651715572800493,0.007676343756670855
987,0.003559145277353062,0.0076118396568693614,0.0076758242687400505
988,0.0037982862685567997,0.007682612499855512,0.007714216654398003
989,0.0037069126161012223,0.007647943177444407,0.007700230470117257
990,0.003633276500461167,0.007676599813613636,0.007720338294700701
991,0.003709311868279359,0.007706704596554893,0.0076996784429160916
992,0.0036549259879832935,0.007646035106676571,0.007695329052453138
993,0.0037744233298735233,0.007649028812434597,0.007662642443058442
994,0.003675977827366723,0.007649083124589791,0.00768480544947848
995,0.0036287385765917416,0.007673302849152813,0.007734186187082407
996,0.0036905868875098595,0.007652936665118263,0.007707707811983264
997,0.003778392577470301,0.0076145706955143356,0.007674875003950936
998,0.003801282187793988,0.00764409598410272,0.007725596275864815
